{"cameraMode":{"drawMode":0,"name":"Shaded","section":"Shading Mode"},"sceneLighting":true,"audioPlay":false,"sceneViewState":{"m_AlwaysRefresh":false,"showFog":true,"showSkybox":true,"showFlares":true,"showImageEffects":true,"showParticleSystems":true,"showVisualEffectGraphs":true,"m_FxEnabled":true},"in2DMode":false,"pivot":{"x":-0.05657094717025757,"y":3.8690168857574465,"z":4.996967792510986},"rotation":{"x":-0.14537319540977479,"y":0.8445816040039063,"z":-0.2867540419101715,"w":-0.42816808819770815},"size":3.750882863998413,"orthographic":false}